{"fx":2147.733745897936,"fy":2159.3588628341836,"cx":1628.3356602352092,"cy":1257.6998032367317,"k1":-0.4046269288999693,"k2":0.16090475131851312,"k3":-0.029041336159640684,"p1":-0.005585737690896026,"p2":0.0004995842301392199,"camera_model":"normal","reprojection_error":2.5225547580708554}